age_days,authoritative,evidence_id,path,status,version
41,False,PROJECT_CHARTER,shared/project_charter.docx,AVAILABLE,5
166,False,BUSINESS_CASE,gate_evidence/general/business_case.csv,AVAILABLE,3
131,True,BUDGET_APPROVAL,gate_evidence/general/budget_approval.csv,AVAILABLE,4
80,False,ACTION_REGISTER,shared/action_register.csv,AVAILABLE,1
81,False,BENEFITS_PLAN,gate_evidence/general/benefits_plan.docx,AVAILABLE,3
89,True,PORTFOLIO_SNAPSHOT,gate_evidence/general/portfolio_snapshot.csv,AVAILABLE,4
17,False,COMMITTEE_BRIEFING,gate_evidence/general/committee_briefing.docx,AVAILABLE,5
62,True,CMDB_EXPORT,gate_evidence/it/cmdb_export.csv,AVAILABLE,3
133,True,TECH_CATALOG,gate_evidence/it/technology_catalog.json,AVAILABLE,1
35,True,LICENSE_POSITION,gate_evidence/it/license_position.csv,AVAILABLE,3
123,True,LIFECYCLE_REGISTER,gate_evidence/it/lifecycle_eol.csv,AVAILABLE,4
27,False,SUPPORT_RACI,gate_evidence/it/support_raci.docx,AVAILABLE,4
141,True,ITSM_CHANGE,gate_evidence/it/itsm_change.csv,AVAILABLE,1
54,True,CAPACITY_REPORT,gate_evidence/it/capacity_report.csv,AVAILABLE,2
102,False,TECH_WAIVER,gate_evidence/it/technology_waiver.docx,AVAILABLE,1
12,False,HLD,gate_evidence/architecture/Architecture_Diagram_Detailed.svg,AVAILABLE,1
19,False,LLD,gate_evidence/architecture/LLD_Architecture_Notes.docx,AVAILABLE,5
113,False,FLOW_MATRIX,gate_evidence/architecture/flow_matrix.csv,AVAILABLE,5
100,False,OPENAPI,gate_evidence/architecture/openapi.yaml,AVAILABLE,3
6,False,DATA_MODEL,gate_evidence/architecture/data_model.json,AVAILABLE,2
84,False,DATA_LINEAGE,gate_evidence/architecture/data_lineage.csv,AVAILABLE,1
71,True,IP_PLAN,gate_evidence/architecture/ip_plan.csv,AVAILABLE,1
14,False,ADR_REGISTER,gate_evidence/architecture/adr_register.csv,AVAILABLE,3
14,False,ARCH_DEBT,gate_evidence/architecture/architecture_debt.csv,AVAILABLE,1
6,True,AZURE_RESOURCE_GRAPH,gate_evidence/security/azure_resource_graph.json,UNAVAILABLE,5
59,True,IAM_EXPORT,gate_evidence/security/entra_role_assignments.csv,AVAILABLE,2
105,True,CONDITIONAL_ACCESS,gate_evidence/security/conditional_access.json,AVAILABLE,4
125,True,NSG_RULES,gate_evidence/security/nsg_rules.csv,AVAILABLE,2
145,True,WAF_POLICY,gate_evidence/security/waf_policy.json,AVAILABLE,1
31,True,SENTINEL_STATUS,gate_evidence/security/sentinel_connectors.json,AVAILABLE,5
64,True,FIREWALL_POLICY,gate_evidence/security/firewall_policy.json,UNAVAILABLE,2
40,True,KEYVAULT_CONFIG,gate_evidence/security/keyvault_configuration.json,AVAILABLE,4
6,True,DEFENDER_FINDINGS,gate_evidence/security/defender_findings.csv,UNAVAILABLE,3
164,True,VULN_SCAN,gate_evidence/security/vulnerability_scan.csv,AVAILABLE,4
66,False,PENTEST,gate_evidence/security/pentest_report.docx,AVAILABLE,2
46,False,THREAT_MODEL,gate_evidence/security/threat_model.docx,AVAILABLE,2
42,True,BACKUP_JOBS,gate_evidence/tech_readiness/backup_jobs.csv,AVAILABLE,5
107,True,RESTORE_TEST,gate_evidence/tech_readiness/restore_test.csv,AVAILABLE,3
50,True,FAILOVER_TEST,gate_evidence/tech_readiness/failover_test.csv,AVAILABLE,1
47,True,LOAD_TEST,gate_evidence/tech_readiness/load_test.csv,AVAILABLE,3
118,True,CI_PIPELINE,gate_evidence/tech_readiness/ci_pipeline.json,AVAILABLE,1
96,False,RUNBOOK,gate_evidence/tech_readiness/production_runbook.docx,AVAILABLE,4
12,True,ROLLBACK_TEST,gate_evidence/tech_readiness/rollback_test.csv,UNAVAILABLE,2
160,True,SLO_SLI,gate_evidence/tech_readiness/slo_sli.csv,AVAILABLE,3
90,True,MONITOR_ALERTS,gate_evidence/tech_readiness/monitor_alerts.csv,AVAILABLE,1
102,False,RFP,gate_evidence/procurement/RFP.docx,AVAILABLE,1
106,False,VENDOR_OFFERS,gate_evidence/procurement/vendor_offers.csv,AVAILABLE,1
88,False,SCORING_MATRIX,gate_evidence/procurement/scoring_matrix.csv,AVAILABLE,1
23,True,DUE_DILIGENCE,gate_evidence/procurement/due_diligence.csv,AVAILABLE,5
113,False,PRICING_TCO,gate_evidence/procurement/pricing_tco.csv,AVAILABLE,3
117,False,VENDOR_EVIDENCE_REQUEST,gate_evidence/procurement/vendor_evidence_request.docx,AVAILABLE,1
120,False,MSA,gate_evidence/legal/MSA.docx,AVAILABLE,2
133,False,DPA,gate_evidence/legal/DPA.docx,AVAILABLE,4
60,False,SLA_ANNEX,gate_evidence/legal/SLA_Annex.docx,AVAILABLE,5
84,False,INSURANCE,gate_evidence/legal/Insurance_Certificate.docx,AVAILABLE,1
107,True,SIGNING_AUTHORITY,gate_evidence/legal/signing_authority.csv,AVAILABLE,4
1,True,CONTRACT_PLAYBOOK,gate_evidence/legal/contract_playbook.json,AVAILABLE,1
169,False,NEGOTIATION_LOG,gate_evidence/legal/negotiation_log.docx,AVAILABLE,1
125,True,DATA_INVENTORY,gate_evidence/compliance/data_inventory.csv,AVAILABLE,5
37,True,ROPA,gate_evidence/compliance/ropa.csv,AVAILABLE,4
160,False,DPIA,gate_evidence/compliance/DPIA.docx,AVAILABLE,2
97,True,REG_MAPPING,gate_evidence/compliance/regulatory_mapping.csv,AVAILABLE,4
79,True,RETENTION,gate_evidence/compliance/retention_schedule.csv,AVAILABLE,3
137,False,ACCESSIBILITY,gate_evidence/compliance/accessibility_report.csv,AVAILABLE,1
43,True,CONTROL_MATRIX,gate_evidence/compliance/control_matrix.csv,UNAVAILABLE,2
137,True,EXPORT_CONTROL,gate_evidence/compliance/export_control.csv,AVAILABLE,1
117,False,AI_IMPACT,gate_evidence/compliance/AI_Impact_Assessment.docx,AVAILABLE,4
4,True,ARCHITECTURE_REGISTER,gate_evidence/architecture/architecture_register.json,AVAILABLE,1
27,True,CONTRACT_REGISTER,gate_evidence/legal/contract_register.json,AVAILABLE,3
80,True,COMPLIANCE_REGISTER,gate_evidence/compliance/compliance_register.csv,AVAILABLE,3
80,True,PROCUREMENT_AWARD,gate_evidence/procurement/award_decision.json,AVAILABLE,3
73,True,OPERATIONS_READINESS,gate_evidence/tech_readiness/operational_readiness.csv,UNAVAILABLE,4
33,True,RELEASE_BLOCKERS,gate_evidence/tech_readiness/release_blockers.csv,AVAILABLE,4
169,False,VENDOR_RESPONSES,gate_evidence/procurement/vendor_responses.json,AVAILABLE,4
0,True,REVIEW_FACTS_GENERAL,gate_evidence/general/review_facts.json,AVAILABLE,1
0,True,REVIEW_FACTS_IT,gate_evidence/it/review_facts.json,AVAILABLE,1
0,True,REVIEW_FACTS_ARCHITECTURE,gate_evidence/architecture/review_facts.json,AVAILABLE,1
0,True,REVIEW_FACTS_SECURITY,gate_evidence/security/review_facts.json,AVAILABLE,1
0,True,REVIEW_FACTS_TECH_READINESS,gate_evidence/tech_readiness/review_facts.json,AVAILABLE,1
0,True,REVIEW_FACTS_PROCUREMENT,gate_evidence/procurement/review_facts.json,AVAILABLE,1
0,True,REVIEW_FACTS_LEGAL,gate_evidence/legal/review_facts.json,AVAILABLE,1
0,True,REVIEW_FACTS_COMPLIANCE,gate_evidence/compliance/review_facts.json,AVAILABLE,1
