age_days,authoritative,evidence_id,path,status,version
161,False,PROJECT_CHARTER,shared/project_charter.docx,AVAILABLE,3
120,False,BUSINESS_CASE,gate_evidence/general/business_case.csv,AVAILABLE,3
160,True,BUDGET_APPROVAL,gate_evidence/general/budget_approval.csv,AVAILABLE,4
93,False,ACTION_REGISTER,shared/action_register.csv,AVAILABLE,3
99,False,BENEFITS_PLAN,gate_evidence/general/benefits_plan.docx,AVAILABLE,5
156,True,PORTFOLIO_SNAPSHOT,gate_evidence/general/portfolio_snapshot.csv,AVAILABLE,2
37,False,COMMITTEE_BRIEFING,gate_evidence/general/committee_briefing.docx,AVAILABLE,5
37,True,CMDB_EXPORT,gate_evidence/it/cmdb_export.csv,AVAILABLE,5
49,True,TECH_CATALOG,gate_evidence/it/technology_catalog.json,AVAILABLE,1
19,True,LICENSE_POSITION,gate_evidence/it/license_position.csv,AVAILABLE,1
123,True,LIFECYCLE_REGISTER,gate_evidence/it/lifecycle_eol.csv,AVAILABLE,4
165,False,SUPPORT_RACI,gate_evidence/it/support_raci.docx,AVAILABLE,4
38,True,ITSM_CHANGE,gate_evidence/it/itsm_change.csv,AVAILABLE,4
154,True,CAPACITY_REPORT,gate_evidence/it/capacity_report.csv,UNAVAILABLE,2
55,False,TECH_WAIVER,gate_evidence/it/technology_waiver.docx,AVAILABLE,2
80,False,HLD,gate_evidence/architecture/Architecture_Diagram_Detailed.svg,AVAILABLE,1
76,False,LLD,gate_evidence/architecture/LLD_Architecture_Notes.docx,AVAILABLE,1
142,False,FLOW_MATRIX,gate_evidence/architecture/flow_matrix.csv,AVAILABLE,1
103,False,OPENAPI,gate_evidence/architecture/openapi.yaml,AVAILABLE,1
2,False,DATA_MODEL,gate_evidence/architecture/data_model.json,AVAILABLE,3
113,False,DATA_LINEAGE,gate_evidence/architecture/data_lineage.csv,AVAILABLE,3
46,True,IP_PLAN,gate_evidence/architecture/ip_plan.csv,AVAILABLE,3
44,False,ADR_REGISTER,gate_evidence/architecture/adr_register.csv,AVAILABLE,1
34,False,ARCH_DEBT,gate_evidence/architecture/architecture_debt.csv,AVAILABLE,4
14,True,AZURE_RESOURCE_GRAPH,gate_evidence/security/azure_resource_graph.json,AVAILABLE,1
175,True,IAM_EXPORT,gate_evidence/security/entra_role_assignments.csv,AVAILABLE,4
168,True,CONDITIONAL_ACCESS,gate_evidence/security/conditional_access.json,AVAILABLE,3
162,True,NSG_RULES,gate_evidence/security/nsg_rules.csv,AVAILABLE,1
123,True,WAF_POLICY,gate_evidence/security/waf_policy.json,AVAILABLE,4
128,True,SENTINEL_STATUS,gate_evidence/security/sentinel_connectors.json,AVAILABLE,4
30,True,FIREWALL_POLICY,gate_evidence/security/firewall_policy.json,AVAILABLE,2
41,True,KEYVAULT_CONFIG,gate_evidence/security/keyvault_configuration.json,AVAILABLE,3
45,True,DEFENDER_FINDINGS,gate_evidence/security/defender_findings.csv,AVAILABLE,3
116,True,VULN_SCAN,gate_evidence/security/vulnerability_scan.csv,AVAILABLE,3
146,False,PENTEST,gate_evidence/security/pentest_report.docx,AVAILABLE,3
30,False,THREAT_MODEL,gate_evidence/security/threat_model.docx,AVAILABLE,4
2,True,BACKUP_JOBS,gate_evidence/tech_readiness/backup_jobs.csv,AVAILABLE,1
85,True,RESTORE_TEST,gate_evidence/tech_readiness/restore_test.csv,AVAILABLE,4
78,True,FAILOVER_TEST,gate_evidence/tech_readiness/failover_test.csv,AVAILABLE,5
101,True,LOAD_TEST,gate_evidence/tech_readiness/load_test.csv,AVAILABLE,4
99,True,CI_PIPELINE,gate_evidence/tech_readiness/ci_pipeline.json,AVAILABLE,2
120,False,RUNBOOK,gate_evidence/tech_readiness/production_runbook.docx,AVAILABLE,1
15,True,ROLLBACK_TEST,gate_evidence/tech_readiness/rollback_test.csv,AVAILABLE,3
148,True,SLO_SLI,gate_evidence/tech_readiness/slo_sli.csv,UNAVAILABLE,3
134,True,MONITOR_ALERTS,gate_evidence/tech_readiness/monitor_alerts.csv,AVAILABLE,1
119,False,RFP,gate_evidence/procurement/RFP.docx,AVAILABLE,2
179,False,VENDOR_OFFERS,gate_evidence/procurement/vendor_offers.csv,AVAILABLE,2
63,False,SCORING_MATRIX,gate_evidence/procurement/scoring_matrix.csv,AVAILABLE,2
110,True,DUE_DILIGENCE,gate_evidence/procurement/due_diligence.csv,AVAILABLE,4
120,False,PRICING_TCO,gate_evidence/procurement/pricing_tco.csv,AVAILABLE,3
86,False,VENDOR_EVIDENCE_REQUEST,gate_evidence/procurement/vendor_evidence_request.docx,AVAILABLE,2
133,False,MSA,gate_evidence/legal/MSA.docx,AVAILABLE,2
152,False,DPA,gate_evidence/legal/DPA.docx,AVAILABLE,5
48,False,SLA_ANNEX,gate_evidence/legal/SLA_Annex.docx,AVAILABLE,2
169,False,INSURANCE,gate_evidence/legal/Insurance_Certificate.docx,AVAILABLE,1
15,True,SIGNING_AUTHORITY,gate_evidence/legal/signing_authority.csv,AVAILABLE,3
15,True,CONTRACT_PLAYBOOK,gate_evidence/legal/contract_playbook.json,AVAILABLE,4
69,False,NEGOTIATION_LOG,gate_evidence/legal/negotiation_log.docx,AVAILABLE,3
52,True,DATA_INVENTORY,gate_evidence/compliance/data_inventory.csv,AVAILABLE,5
7,True,ROPA,gate_evidence/compliance/ropa.csv,UNAVAILABLE,5
166,False,DPIA,gate_evidence/compliance/DPIA.docx,AVAILABLE,2
120,True,REG_MAPPING,gate_evidence/compliance/regulatory_mapping.csv,AVAILABLE,3
75,True,RETENTION,gate_evidence/compliance/retention_schedule.csv,AVAILABLE,3
77,False,ACCESSIBILITY,gate_evidence/compliance/accessibility_report.csv,AVAILABLE,3
66,True,CONTROL_MATRIX,gate_evidence/compliance/control_matrix.csv,AVAILABLE,5
95,True,EXPORT_CONTROL,gate_evidence/compliance/export_control.csv,AVAILABLE,5
139,False,AI_IMPACT,gate_evidence/compliance/AI_Impact_Assessment.docx,AVAILABLE,1
33,True,ARCHITECTURE_REGISTER,gate_evidence/architecture/architecture_register.json,AVAILABLE,3
4,True,CONTRACT_REGISTER,gate_evidence/legal/contract_register.json,AVAILABLE,4
64,True,COMPLIANCE_REGISTER,gate_evidence/compliance/compliance_register.csv,AVAILABLE,5
4,True,PROCUREMENT_AWARD,gate_evidence/procurement/award_decision.json,AVAILABLE,4
81,True,OPERATIONS_READINESS,gate_evidence/tech_readiness/operational_readiness.csv,AVAILABLE,3
1,True,RELEASE_BLOCKERS,gate_evidence/tech_readiness/release_blockers.csv,AVAILABLE,1
179,False,VENDOR_RESPONSES,gate_evidence/procurement/vendor_responses.json,AVAILABLE,1
0,True,REVIEW_FACTS_GENERAL,gate_evidence/general/review_facts.json,AVAILABLE,1
0,True,REVIEW_FACTS_IT,gate_evidence/it/review_facts.json,AVAILABLE,1
0,True,REVIEW_FACTS_ARCHITECTURE,gate_evidence/architecture/review_facts.json,AVAILABLE,1
0,True,REVIEW_FACTS_SECURITY,gate_evidence/security/review_facts.json,AVAILABLE,1
0,True,REVIEW_FACTS_TECH_READINESS,gate_evidence/tech_readiness/review_facts.json,AVAILABLE,1
0,True,REVIEW_FACTS_PROCUREMENT,gate_evidence/procurement/review_facts.json,AVAILABLE,1
0,True,REVIEW_FACTS_LEGAL,gate_evidence/legal/review_facts.json,AVAILABLE,1
0,True,REVIEW_FACTS_COMPLIANCE,gate_evidence/compliance/review_facts.json,AVAILABLE,1
